{"w1": [[-4.74629520656212, 2.780442599174911, -4.778255174289028], [-0.6781613175990118, 0.2853491752836128, -0.6844844471927464]], "w2": [[-69.11912382831345], [7.554482159037966], [-71.2421650738656]]}